feature,correlation
ApplicantIncome_log,0.1683415395888571
LoanAmount_log,0.11680788908252238
CoapplicantIncome_log,0.1074124514349618
Credit_History,0.04704491280547113
Loan_Income_Ratio,0.03720163459538063
Total_Income,0.030662698535293676
Loan_Amount_Term,0.025079293309755467
Loan_Term_Ratio,0.010382621155102714
Income_Term_Ratio,0.001990273005436152
